{"cameraMode":{"drawMode":0,"name":"Shaded","section":"Shading Mode"},"sceneLighting":false,"audioPlay":false,"sceneViewState":{"m_AlwaysRefresh":false,"showFog":true,"showSkybox":false,"showFlares":true,"showImageEffects":true,"showParticleSystems":true,"showVisualEffectGraphs":true,"m_FxEnabled":true},"in2DMode":false,"pivot":{"x":-0.04268240928649902,"y":0.5970344543457031,"z":0.1863405704498291},"rotation":{"x":0.18908828496932984,"y":-0.6712357997894287,"z":0.18317048251628877,"w":0.6929244995117188},"size":2.585540294647217,"orthographic":false}