{"cameraMode":{"drawMode":0,"name":"Shaded","section":"Shading Mode"},"sceneLighting":false,"audioPlay":false,"sceneViewState":{"m_AlwaysRefresh":false,"showFog":true,"showSkybox":false,"showFlares":true,"showImageEffects":true,"showParticleSystems":true,"showVisualEffectGraphs":true,"m_FxEnabled":true},"in2DMode":false,"pivot":{"x":-0.05991244316101074,"y":0.38199540972709658,"z":-0.05654096603393555},"rotation":{"x":0.18908828496932984,"y":-0.6712357997894287,"z":0.18317048251628877,"w":0.6929244995117188},"size":2.0951004028320314,"orthographic":false}